modelos,marcas
1 1/8GB Bluish Black (5033D-2JALUAA),ALCATEL
1 5033D 1/16GB Volcano Black (5033D-2LALUAF),ALCATEL
1 5033D 1/16GB Volcano Black (5033D-2LALUAF),ALCATEL
1 5033D 1/16GB Volcano Black (5033D-2LALUAF),ALCATEL
1.3 1/16GB Charcoal,Nokia
10 6/64GB Black,Honor
10 Lite 3/32GB Blue,Honor
10 Lite 4/64GB Black,Honor
10 lite 3/128GB Blue,Honor
10 lite 3/64GB Black,Honor
10 lite 3/64GB Black,Honor
10 lite 3/64GB Blue,Honor
105 DS 2019 Pink (16KIGP01A01),Nokia
105 Dual Sim 2019 Black (16KIGB01A01),Nokia
105 Dual Sim 2019 Black (16KIGB01A01),Nokia
105 Dual Sim New Black (A00028315),Nokia
105 Single Sim 2019 Black (16KIGB01A13),Nokia
105 Single Sim 2019 Pink (16KIGP01A13),Nokia
105 Single Sim New Black (A00028356),Nokia
105 Single Sim New Black (A00028356),Nokia
105 Single Sim New Blue (A00028372),Nokia
105 Single Sim New White (A00028371),Nokia
106 New DS Grey (16NEBD01A02),Nokia
106 New DS Grey (16NEBD01A02),Nokia
10i 4/128GB Black (51093VQV),Honor
10i 4/128GB Blue (51093VQX),Honor
110 Dual Sim 2019 Black (16NKLB01A07),Nokia
110 Dual Sim 2019 Blue (16NKLL01A04),Nokia
125 Dual Sim Black (16GMNB01A17),Nokia
15 4/128GB Black,Meizu
15 4/64GB Black,Meizu
15 4/64GB Black,Meizu
15 4/64GB Black,Meizu
15 Plus 6/64GB Black,Meizu
15 Plus 6/64GB Gray,Meizu
15 Plus 6/64GB Gray,Meizu
150 Black,Nokia
150 Dual Sim Cyan (16GMNE01A04),Nokia
150 Dual Sim Red (16GMNR01A02),Nokia
150 White,Nokia
16 6/128GB Black,Meizu
16 6/64GB Black,Meizu
16X 6/128GB Dual Purple,Meizu
16Xs 6/128GB Pearl White,Meizu
16th 6/64GB Black,Meizu
1B 5002H Pine Green (5002H-2BALUA12),ALCATEL
1B 5002H Prime Black (5002H-2AALUA12),ALCATEL
1SE 3/32GB Power Gray (5030D-2AALUA2),ALCATEL
1SE 4/128GB Agate Green (5030E-2BALUA2),ALCATEL
1SE 4/128GB Agate Green (5030E-2BALUA2),ALCATEL
2.2 2/16GB Black,Nokia
2.3 2/32GB Green,Nokia
2.4 2/32GB Charcoal,Nokia
20 6/128GB Black,Honor
2003 Dual SIM Dark Gray (2003D-2AALUA1),ALCATEL
2003 Dual SIM Dark Gray (2003D-2AALUA1),ALCATEL
2003 Dual SIM Metallic Blue (2003D-2BALUA1),ALCATEL
2019 Single SIM Metallic Gray (2019G-3AALUA1),ALCATEL
2053 Dual SIM Pure White (2053D-2BALUA1),ALCATEL
2053 Dual SIM Volcano Black (2053D-2AALUA1),ALCATEL
210 Dual SIM 2019 Black (16OTRB01A02),Nokia
230 Dual Blue (16PCML01A02),Nokia
230 Dual Dark Silver (A00026971),Nokia
2720 Flip Black (16BTSB01A10),Nokia
2720 Flip Red,Nokia
2720 Flip Red,Nokia
3 Pro 6/128GB Nitro Blue,realme
3 Pro 6/128GB Nitro Blue,realme
3.4 3/64GB Charcoal,Nokia
3T 128GB (Gunmetal),OnePlus
3T 128GB (Gunmetal),OnePlus
3T 64GB (Gunmetal),OnePlus
3X 5048Y Black (5048Y-2AALWE12),ALCATEL
40 Neon,Archos
40 Neon,Archos
5 4/128GB Violet,realme
5 6/64GB Black,OnePlus
5 6/64GB Slate Grey,OnePlus
5 Pro 8/128GB Green,realme
5 Pro 8/128GB Green,realme
5 Pro 8/128GB Green,realme
5.3 4/64GB Charcoal,Nokia
5.4 4/128GB Polar Night,Nokia
5310 2020 DualSim Black/Red (16PISXO1A18),Nokia
5i 4/64GB Green,realme
6 4/128GB Blue,realme
6 4/64GB Blue,realme
6 64GB Black,Nokia
6 64GB Silver,Nokia
6 8/128GB Blue,realme
6 Pro 8/128GB Blue,realme
6.1 4/32GB Black,Nokia
6.1 4/64GB Black,Nokia
6.1 Plus 4/64GB Blue,Nokia
6S 4/64GB Eclipse Black,realme
6S 4/64GB Eclipse Black,realme
6S 6/128GB Lunar White,realme
6T 8/256GB Midnight Black,OnePlus
6i 3/64GB White,realme
6i 4/128GB Green,realme
7 16GB (Gold),Honor
7 16GB (Gold),Honor
7 16GB (Gold),Honor
7 6/64GB Mist Blue,realme
7 8/256GB Mirror Gray,OnePlus
7 Plus 4/64GB Black,Nokia
7 Pro 8/128GB Mirror Blue,realme
8 12/256GB Onyx Black,OnePlus
8 3/32GB Blue,Honor
8 4/64GB (Blue),Honor
8 8/128GB Onyx Black,OnePlus
8 Dual SIM Silver,Nokia
8 Pro 12/256GB Glacial Green,OnePlus
8 Pro 8/128GB Onyx Black,OnePlus
8.3 5G 8/128GB Polar Night,Nokia
800 Tough Black,Nokia
800 Tough Sand,Nokia
8A 2/32GB Gold,Honor
8A 3/64GB Blue,Honor
8A 3/64GB Blue,Honor
8S 2/32GB Black (51093ULM),Honor
8S 2/32GB Black (51093ULM),Honor
8T 12/256GB Cyberpunk 2077 Limited Edition,OnePlus
8T 12/256GB Lunar Silver,OnePlus
8T 8/128GB Aquamarine Green,OnePlus
8x Max 4/64GB Black,Honor
8x Max 4/64GB Black,Honor
8x Max 4/64GB Blue,Honor
9 4/64GB Dual Blue,Honor
9 Lite 3/32GB Midnight Black,Honor
9i 3/32GB Black,Honor
9i 3/32GB Black,Honor
9i 4/64GB Blue,Honor
9i 4/64GB Blue,Honor
9x 4/128GB Black,Honor
A1 Dual Black,Ulefone
A1 Dual Gold,Ulefone
A1 Silver,Ulefone
A10 6/128GB Black,AGM
A12 3/32GB Black,OPPO
A12 4/64GB Blue,OPPO
A144 Black/Red,Astro
A167 Black/Red,Astro
A167 Black/Red,Astro
A167 Black/Red,Astro
A169 Black Gray,Astro
A170 Point Black,Rezone
A170 Point Black,Rezone
A170 Point Dark Blue,Rezone
A170 Point Dark Blue,Rezone
A170 Point Dark Blue,Rezone
A173 Black/Orange,Astro
A225 Black,Astro
A225 Black,Astro
A240 Experience Red,Rezone
A281 Force Black,Rezone
A30 2/16GB Black,Blackview
A30 2/16GB Black,Blackview
A31 4/64GB Mystery Black,OPPO
A5 2020 3/64GB Black,OPPO
A50 GRANITE 2/16GB Black,Archos
A512 Harmony Pro DS Black,Bravis
A52 4/64GB Twilight Black,OPPO
A53 4/128GB Electric Black,OPPO
A53 4/64GB Black,OPPO
A5L+ 2/16GB Grey,NUU
A5s 3/32Gb Blue,OPPO
A60 1/16GB Black,Blackview
A60 Plus 4/64GB Black,Blackview
A60 Pro 3/16GB Black,Blackview
A7 2/32GB L19111 Blue,Lenovo
A7 Pro 4/128GB Black,UMIDIGI
A7 Pro 4/128GB Black,UMIDIGI
A7 Pro 4/64GB Black,UMIDIGI
A72 4/128GB Aurora Purple,OPPO
A73 4/128GB Navy Blue,OPPO
A7S 2/32GB Black,UMIDIGI
A8 3/32GB Black,AGM
A80 2/16GB Red,Blackview
A80 Pro 4/64GB Black,Blackview
A9 2020 4/128GB Marine Green,OPPO
A9 2020 4/128GB Space Purple,OPPO
A9 4/32GB Black,AGM
A9 4/64GB Black,AGM
A91 8/128GB Black,OPPO
AS-201 Dual Sim Blue,Assistant
AS-203 Dual Sim Black,Assistant
Action-X3 3/32GB Black,Crosscall
Aquos D10 4/64GB Black,Sharp
Armor 10 5G 8/128GB Black,Ulefone
Armor 3W 6/64GB Black,Ulefone
Armor 3WT 6/64GB Black,Ulefone
Armor 7E 4/128GB Black,Ulefone
Armor 7E 4/128GB Black,Ulefone
Armor 8 4/64GB Black (6937748733744),Ulefone
Armor 9 8/128GB Black (6937748733515),Ulefone
Armor 9E 8/128GB Black (6937748733805),Ulefone
Armor 9E 8/128GB Black (6937748733805),Ulefone
Armor Mini Black,Ulefone
Armor Mini Red,Ulefone
Armor X3 2/32GB Black,Ulefone
Armor X5 3/32GB Red (6937748733256),Ulefone
Armor X5 Pro 4/64GB Black (6937748733829),Ulefone
Armor X6 2/16GB Orange,Ulefone
Armor X7 2/16GB Orange,Ulefone
Armor X7 Pro 4/32GB Black,Ulefone
Armor X8 4/64GB Black,Ulefone
B181 DUAL SIM BLACK,ERGO
B1P DS Champagne Gold,Tecno
B1P DS Champagne Gold,Tecno
B200RX (White),Astro
B200RX (Yellow),Astro
B241 Black,ERGO
B26 Black,CAT
B505 Unit 4G Dual Sim Black,ERGO
BL5000 Black (6924351609900),DOOGEE
BL5000 Black (6924351609900),DOOGEE
BL5500 Lite 2/16GB Dual Sim Gold,DOOGEE
BV1000 Black,Blackview
BV4900 3/32GB Black,Blackview
BV4900 Pro 4/64GB Orange,Blackview
BV5100 4/128GB Green,Blackview
BV5100 Pro 4/128GB Black,Blackview
BV5500 2/16GB Black,Blackview
BV5500 Plus 3/32GB Black,Blackview
BV5500 Pro 3/16GB Black,Blackview
BV5500 Pro 3/16GB Black,Blackview
BV5800 Pro 2/16GB Black,Blackview
BV5900 3/32GB Black,Blackview
BV6100 3/16GB Black,Blackview
BV6300 3/32GB Black,Blackview
BV6300 Pro 6/128GB Black,Blackview
BV6800 Pro 4/64GB Black,Blackview
BV6900 4/64GB Black,Blackview
BV8000 Pro Lion Gold,Blackview
BV8000 Pro Lion Gold,Blackview
BV9100 4/64GB Black,Blackview
BV9500 Black,Blackview
BV9500 Plus 4/64GB Black,Blackview
BV9500 Pro 6/128GB Black,Blackview
BV9600 4/64GB Silver,Blackview
BV9600 4/64GB Silver,Blackview
BV9600 Pro 6/128GB Black,Blackview
BV9600 Pro 6/128GB Black,Blackview
BV9600E 4/128GB Grey,Blackview
BV9700 Pro 6/128GB Black,Blackview
BV9700 Pro 6/128GB Black + Night Vision Camera,Blackview
BV9800 6/128Gb Black,Blackview
BV9800 6/128Gb Black,Blackview
BV9800 Pro 6/128GB Orange,Blackview
BV9900 8/256GB Black,Blackview
BV9900 Pro 8/128GB Gray,Blackview
BV9900E 6/128GB Black,Blackview
Bison 6/128GB Red,UMIDIGI
Black Shark 2 Pro 8/128GB Black,Xiaomi
Black Shark 2 Pro 8/128GB Iceberg Grey,Xiaomi
Black Shark 3 12/256GB Black,Xiaomi
Black Shark 3 8/128GB Black,Xiaomi
Black Shark 8/128GB Black,Xiaomi
Blade 20 Smart 4/128GB Gradient Green,ZTE
Blade A3 2020 1/32GB Blue,ZTE
Blade A3 2020 1/32GB Grey,ZTE
Blade A3 2020 1/32GB Red,ZTE
Blade A5 2/16GB Black,ZTE
Blade A5 2/16GB Blue,ZTE
Blade A5 2/16GB Blue,ZTE
Blade A5 2/32GB Black,ZTE
Blade A5 2/32GB Blue,ZTE
Blade A5 2020 2/32GB Black,ZTE
Blade A7 2019 2/32GB Black,ZTE
Blade A7 2020 2/32GB Gradient,ZTE
Blade A7 2020 3/64GB Gradient,ZTE
Blade A7S 2/64GB Blue,ZTE
Blade L210 1/32GB Black,ZTE
Blade L210 1/32GB Blue,ZTE
Blade L210 1/32GB Blue,ZTE
Blade L8 1/16GB Black,ZTE
Blade L8 1/16GB Blue,ZTE
Blade V2020 Smart 4/128GB Grey,ZTE
Blade V2020 Smart 4/64GB Grey,ZTE
C11 2/32GB Green,realme
C11 2/32GB Grey,realme
C18 Pro 4/64GB Purple,Oukitel
C19 2/16GB Black,Oukitel
C19 2/16GB Gradient Blue,Oukitel
C2 2/32GB Diamond Black,realme
C21 4/64GB Black,Oukitel
C3 2/32GB Blue,realme
C3 2/32GB Red,realme
C3 3/32GB Red,realme
C3 3/64GB Blue,realme
C30 8/128GB Black,Cubot
C552 Black,S-TELL
C552 Red,S-TELL
C9 2/16GB Black,Meizu
C9 Pro 3/32GB Black,Meizu
C9 Pro 3/32GB Black,Meizu
CORE-X3 2/16GB Dark Blue,Crosscall
Camon 12 Air CC6 Alpenglow Gold,Tecno
Camon 12 CC7 Dark Jade,Tecno
Camon 15 4/64GB Dark Jade (4895180755057),Tecno
Camon 15 CD7 4/128GB Fascinating Purple (4895180759550),Tecno
Comfort 50 Elegance3 SIMO ASSISTANT Red,Sigma mobile
Comfort 50 Grand Black,Sigma mobile
Comfort 50 HIT 2020 Black,Sigma mobile
Comfort 50 SOLO Black,Sigma mobile
Comfort 50 SOLO Black,Sigma mobile
Comfort 50 Shell Duo Red (4827798212325),Sigma mobile
Cool Play 6 6/64GB Black,Coolpad
Cool Play 6 6/64GB Black,Coolpad
Core 50 16GB Red,Archos
D6 Pro 2/16GB Black,Bluboo
D6 Pro 2/16GB Black,Bluboo
D855 G3 32GB (Silk White),LG
D858 G3 Dual (Metallic Black),LG
Droid Turbo 2 32GB (Ballistic Nylon Black),Motorola
Droid Turbo 2 32GB (Ballistic Nylon Black),Motorola
E169 Gray,Philips
E169 Red,Philips
E180 2019 Red (680576170057),2E
E240 Black,2E
E240 Power DualSim Black (680576170088),2E
E240 Power DualSim Black (680576170088),2E
E280 Dual Sim Black,2E
E450A 2018 DualSim Black,2E
E450R DualSim Gray,2E
E500A 2019 DualSim Black,2E
E6 Plus 4/64GB Polish Grey,Motorola
E6 Plus XT2025-2 4/64GB Blue,Motorola
E6S 4/64 GB Meteor Grey (PAJE0031RS),Motorola
E7 Plus 4/64GB Misty Blue (PAKX0008RS),Motorola
Edge 5G 6/128GB Dual Black (XT2063-3),Motorola
F186 Solace DS Black,ERGO
F186 Solace DS Silver,ERGO
F188 Play DS Black,ERGO
F188 Play DS Black,ERGO
F243 Swift Dual Sim Black,ERGO
F243 Swift Dual Sim Blue,ERGO
F243 Swift Dual Sim Blue,ERGO
F243 Swift Dual Sim Blue,ERGO
F245 Strength Dual Sim Yellow/Black,ERGO
F248 Defender Dual SIM Black,ERGO
F282 Travel Dual Sim Black,ERGO
F282 Travel Dual Sim Black,ERGO
F284 Balance Dual Sim Black,ERGO
F285 Wide DS Black,ERGO
F285 Wide DS Black,ERGO
F534L 2018 DualSim Black,2E
F534L 2018 DualSim Gold,2E
F572L 2018 DualSim Red,2E
F572L 2018 DualSim Silver,2E
FF243 (Black),Fly
FF249 Dual Sim Black,Fly
FF250 Black,Fly
FF281 Dual Sim (Black),Fly
FF281 Silver,Fly
Find X2 12/256GB Ocean Black,OPPO
Find X2 Pro 12/512GB Orange,OPPO
G6 32GB Black (H870S.ACISBK),LG
G6 64GB Black (LGH870DS.ACISBK),LG
G6 64GB Platinum (LGH870DS.ACISPL),LG
G6 G600L 4/64GB Black,LG
G6 G600L 4/64GB Black,LG
G6 G600L 4/64GB Platinum,LG
G6 Plus 128GB Gold,LG
G6 Plus 128GB Gold,LG
G7 4/64GB Ceramic Black (XT1962-6),Motorola
G7 ThinQ 4/64GB Aurora Black (LMG710EMW.ACISBK),LG
G7 ThinQ 4/64GB Moroccan Blue (LMG710EMW.ACISBL),LG
G7 ThinQ 4/64GB Platinum Gray,LG
G7 ThinQ 4/64GB Raspberry Rose,LG
G8 Power 4/64GB Dual Sim Black (PAHF0007RS),Motorola
G8 Power Lite 4/64GB Royal Blue (PAJC0017RS),Motorola
G8 ThinQ 6/128GB Black,LG
G8X ThinQ 6/128GB Aurora Black,LG
G8s ThinQ 6/128GB White,LG
G9 Play 4/64GB Sapphire Blue (PAKK0016RS),Motorola
G9 Plus 4/128GB Navy Blue (PAKM0019RS),Motorola
G920F Galaxy S6 32GB (White Pearl),Samsung
G925F Galaxy S6 Edge 32GB (White Pearl),Samsung
G935FD Galaxy S7 Edge 32GB Gold (SM-G935FZDU),Samsung
Galaxy A01 2/16GB Black (SM-A015FZKD),Samsung
Galaxy A01 Core 1/16GB Black (SM-A013FZKD),Samsung
Galaxy A02s 3/32GB Blue (SM-A025FZBE),Samsung
Galaxy A10s 2019 SM-A107F 2/32GB Black (SM-A107FZKD),Samsung
Galaxy A11 2/32GB Black (SM-A115FZKN),Samsung
Galaxy A12 SM-A125F 3/32GB Black (SM-A125FZKUSEK),Samsung
Galaxy A12 SM-A125F 4/64GB Black (SM-A125FZKVSEK),Samsung
Galaxy A2 Core 2019 SM-A260 1/16GB Blue,Samsung
Galaxy A2 Core 2019 SM-A260 1/16GB Blue,Samsung
Galaxy A20e SM-A202F 3/32GB Black SM-A202FZKD,Samsung
Galaxy A20e SM-A202F 3/32GB White (SM-A202FZWD),Samsung
Galaxy A20s 2019 A207F 3/32GB Black (SM-A207FZKD),Samsung
Galaxy A21s 3/32GB Black (SM-A217FZKN),Samsung
Galaxy A30s 3/32GB Black (SM-A307FZKU),Samsung
Galaxy A30s 4/128GB White,Samsung
Galaxy A30s 4/128GB White,Samsung
Galaxy A30s 4/64GB Green (SM-A307FZGV),Samsung
Galaxy A31 4/128GB Black (SM-A315FZKV),Samsung
Galaxy A31 4/64GB Black (SM-A315FZKU),Samsung
Galaxy A41 4/64GB Black (SM-A415FZKD),Samsung
Galaxy A50 2019 SM-A505F 4/128GB Black,Samsung
Galaxy A50 2019 SM-A505F 4/64GB Blue (SM-A505FZBU),Samsung
Galaxy A50 2019 SM-A505F 6/128GB Blue (SM-A505FZBQ),Samsung
Galaxy A50s 2019 SM-A507FD 6/128GB Black,Samsung
Galaxy A50s 2019 SM-A507FD 6/128GB Black,Samsung
Galaxy A50s 2019 SM-A507FD 6/128GB Black,Samsung
Galaxy A50s SM-A5070 6/128GB Prism Crush Green,Samsung
Galaxy A51 2020 4/64GB Black (SM-A515FZKU),Samsung
Galaxy A51 2020 6/128GB Blue (SM-A515FZBW),Samsung
Galaxy A51 SM-A515F 2020 8/128GB Blue,Samsung
Galaxy A51 SM-A515F 4/128GB Black,Samsung
Galaxy A51 SM-A515F 6/128GB Metallic Silver (SM-A515FMSW),Samsung
Galaxy A6+ 3/32GB Gold (SM-A605FZDN),Samsung
Galaxy A6+ 3/32GB Lavender,Samsung
Galaxy A6+ 4/32GB Gold,Samsung
Galaxy A7 2018 4/64GB Black (SM-A750FZKU),Samsung
Galaxy A7 2018 4/64GB Blue (SM-A750FZBU),Samsung
Galaxy A70 2019 SM-A7050 6/128GB Black,Samsung
Galaxy A70 2019 SM-A7050 6/128GB Blue,Samsung
Galaxy A70 2019 SM-A7050 6/128GB Blue,Samsung
Galaxy A70 2019 SM-A7050 6/128GB Blue,Samsung
Galaxy A70 2019 SM-A705F 6/128GB Black (SM-A705FZKU),Samsung
Galaxy A71 2020 6/128GB Black (SM-A715FZKU),Samsung
Galaxy A71 2020 SM-A715F 8/128GB Blue,Samsung
Galaxy A8+ 2018 32GB Gold (SM-A730FZDD),Samsung
Galaxy A8+ 2018 32GB Orchid Gray (SM-A730FZVD),Samsung
Galaxy A8+ 2018 32GB Orchid Gray (SM-A730FZVD),Samsung
Galaxy A8+ 2018 4/64GB Orchid Gray,Samsung
Galaxy A80 2019 8/128GB Black (SM-A805FZKD),Samsung
Galaxy A80 2019 A8050 8/128GB Black,Samsung
Galaxy A9 2018 6/128Gb Blue (SM-A920FZBD),Samsung
Galaxy Fold 12/256GB Black,Samsung
Galaxy Fold 12/512GB Black (SM-F900FZKD),Samsung
Galaxy Fold 5G SM-F907B 12/512GB Black,Samsung
Galaxy Fold 5G SM-F907B 12/512GB Silver,Samsung
Galaxy J6 2018 2/32GB Gold (SM-J600FZDD),Samsung
Galaxy M10 SM-M105F 2/16GB Black (SM-M105GDAG),Samsung
Galaxy M10 SM-M105F 2/16GB Black (SM-M105GDAG),Samsung
Galaxy M10 SM-M105F 2/16GB Black (SM-M105GDAG),Samsung
Galaxy M10 SM-M105F 3/32GB Black,Samsung
Galaxy M10 SM-M105F 3/32GB Black,Samsung
Galaxy M10 SM-M105F 3/32GB Blue,Samsung
Galaxy M10S M107F 3/32GB Black,Samsung
Galaxy M115 M11 3/32 Black (SM-M115FZKN),Samsung
Galaxy M21 4/64GB Black (SM-M215FZKU),Samsung
Galaxy M30 SM-M305F 4/64GB Gradation Blue,Samsung
Galaxy M31 6/128GB Black (SM-M315FZKU),Samsung
Galaxy M31s 6/128GB Blue (SM-M317FZBN),Samsung
Galaxy M51 6/128GB Black (SM-M515FZKD),Samsung
Galaxy Note 10 SM-N9700 8/256GB Black (SM-N9700ZKD),Samsung
Galaxy Note 10 SM-N9700 8/256GB White,Samsung
Galaxy Note 10 SM-N970F 8/256GB Black (SM-N970FZKD),Samsung
Galaxy Note 10+ SM-N9750 12/256GB Aura Glow,Samsung
Galaxy Note 10+ SM-N9750 12/512GB Black,Samsung
Galaxy Note 10+ SM-N975F 12/256GB Black (SM-N975FZKD),Samsung
Galaxy Note 10+ SM-N975F 12/512GB Aura Black,Samsung
Galaxy Note 8 64GB Gold,Samsung
Galaxy Note 8 N950F Single sim 128GB Black,Samsung
Galaxy Note 8 N950F Single sim 128GB Black,Samsung
Galaxy Note 9 N960 6/128GB Metallic Copper,Samsung
Galaxy Note 9 N960 8/512GB Lavender Purple,Samsung
Galaxy Note 9 N960 8/512GB Lavender Purple,Samsung
Galaxy Note 9 N960 8/512GB Lavender Purple,Samsung
Galaxy Note 9 N960 8/512GB Metallic Copper,Samsung
Galaxy Note 9 N960 8/512GB Midnight Black,Samsung
Galaxy Note 9 N960 8/512GB Ocean Blue (SM-N960FZBH),Samsung
Galaxy Note10 Lite SM-N770F Dual 6/128GB Black (SM-N770FZKD),Samsung
Galaxy Note10 Lite SM-N770F Dual 8/128GB Black (SM-N770FZKU),Samsung
Galaxy Note20 5G N9810 8/256GB Mystic Gray,Samsung
Galaxy Note20 5G SM-N981B 8/256GB Mystic Bronze,Samsung
Galaxy Note20 SM-N980F 8/256GB Mystic Green (SM-N980FZGG),Samsung
Galaxy Note20 Ultra 5G SM-N9860 12/256GB Mystic Black,Samsung
Galaxy Note20 Ultra 5G SM-N986B 12/256GB Mystic Black,Samsung
Galaxy Note20 Ultra 5G SM-N986B 12/512GB Mystic Black (SM-N986BZKH),Samsung
Galaxy Note20 Ultra SM-N985F 8/256GB Mystic Bronze (SM-N985FZNG),Samsung
Galaxy S10 Lite SM-G770 6/128GB Black (SM-G770FZKG),Samsung
Galaxy S10 Lite SM-G770 8/128GB Black,Samsung
Galaxy S10 SM-G973 DS 128GB Green (SM-G973FZGD),Samsung
Galaxy S10 SM-G973 DS 512GB Black,Samsung
Galaxy S10 SM-G9730 DS 128GB Black,Samsung
Galaxy S10+ SM-G975 DS 128GB Black (SM-G975FZKD),Samsung
Galaxy S10+ SM-G975 DS 1TB Black (SM-G975FCKH),Samsung
Galaxy S10+ SM-G975 DS 1TB Ceramic White (SM-G975FCWH),Samsung
Galaxy S10+ SM-G975 DS 512GB Black (SM-G975FCKG),Samsung
Galaxy S10+ SM-G975 DS 512GB White (SM-G975FCWG),Samsung
Galaxy S10+ SM-G975 SS 512GB White,Samsung
Galaxy S10+ SM-G975 SS 512GB White,Samsung
Galaxy S10+ SM-G9750 DS 128GB Black,Samsung
Galaxy S10+ SM-G9750 DS 128GB Black,Samsung
Galaxy S10+ SM-G9750 DS 1TB Black,Samsung
Galaxy S10e SM-G970 DS 128GB Black (SM-G970FZKD),Samsung
Galaxy S10e SM-G9700 DS 128GB Black,Samsung
Galaxy S20 5G SM-G981 12/128GB Cosmic Gray,Samsung
Galaxy S20 5G SM-G9810 12/128GB Cloud Pink,Samsung
Galaxy S20 FE 5G SM-G7810 8/128GB Cloud Navy,Samsung
Galaxy S20 FE 5G SM-G7810 Dual 8/256GB Cloud Navy,Samsung
Galaxy S20 FE 5G SM-G781B 6/128GB Cloud Red,Samsung
Galaxy S20 FE 5G SM-G781B 8/128GB Cloud Red,Samsung
Galaxy S20 FE SM-G780F 6/128GB Blue (SM-G780FZBD),Samsung
Galaxy S20 FE SM-G780F 6/256GB Cloud Navy,Samsung
Galaxy S20 FE SM-G780F 8/128GB Cloud Navy,Samsung
Galaxy S20 FE SM-G780F 8/256GB Blue (SM-G780FZBH),Samsung
Galaxy S20 SM-G980 8/128GB Grey (SM-G980FZAD),Samsung
Galaxy S20 Ultra 5G SM-G9880 12/256GB Cosmic Gray,Samsung
Galaxy S20 Ultra 5G SM-G988B 12/128GB Black,Samsung
Galaxy S20 Ultra SM-G988 128GB Grey (SM-G988BZAD),Samsung
Galaxy S20+ 5G SM-G9860 12/128GB Cosmic Black,Samsung
Galaxy S20+ 5G SM-G9860 8/128GB Gray,Samsung
Galaxy S20+ 5G SM-G9860 8/128GB Gray,Samsung
Galaxy S20+ 5G SM-G986B 12/128GB Black,Samsung
Galaxy S20+ 5G SM-G986F-DS 12/128GB Black,Samsung
Galaxy S20+ LTE SM-G985 Dual 8/128GB Black (SM-G985FZKD),Samsung
Galaxy S21 8/128GB Phantom Grey (SM-G991BZADSEK),Samsung
Galaxy S21 8/256GB Phantom Grey (SM-G991BZAGSEK),Samsung
Galaxy S21 Ultra 12/128GB Phantom Black (SM-G998BZKDSEK),Samsung
Galaxy S21 Ultra 12/256GB Phantom Black (SM-G998BZKGSEK),Samsung
Galaxy S21 Ultra 16/512GB Phantom Black (SM-G998BZKHSEK),Samsung
Galaxy S21+ 8/128GB Phantom Black (SM-G996BZKDSEK),Samsung
Galaxy S21+ 8/256GB Phantom Black (SM-G996BZKGSEK),Samsung
Galaxy S7 G930F 32GB (Black),Samsung
Galaxy S7 G930F 32GB (Gold),Samsung
Galaxy S8 64GB Blue,Samsung
Galaxy S8 G950F Single Sim 64GB Black,Samsung
Galaxy S8+ 64GB Black (SM-G955FZKD),Samsung
Galaxy S8+ SM-G955U 64GB Black,Samsung
Galaxy S9 SM-G960 DS 128GB Black (SM-G960FZKG),Samsung
Galaxy S9 SM-G960 DS 128GB Black (SM-G960FZKG),Samsung
Galaxy S9 SM-G960 DS 128GB Black (SM-G960FZKG),Samsung
Galaxy S9 SM-G960 DS 128GB Blue,Samsung
Galaxy S9 SM-G960 DS 128GB Blue,Samsung
Galaxy S9 SM-G960 DS 128GB Grey (SM-G960FZAG),Samsung
Galaxy S9 SM-G960 DS 128GB Purple (SM-G960FZPG),Samsung
Galaxy S9 SM-G960 DS 64GB Black (SM-G960FZKD),Samsung
Galaxy S9 SM-G960U1 128GB Purple,Samsung
Galaxy S9+ SM-G965 DS 128GB Black,Samsung
Galaxy S9+ SM-G965 DS 128GB Blue,Samsung
Galaxy S9+ SM-G965 DS 128GB Grey,Samsung
Galaxy S9+ SM-G965 DS 128GB Purple,Samsung
Galaxy S9+ SM-G965 DS 256GB Black (SM-G965FZKH),Samsung
Galaxy S9+ SM-G965 DS 64GB Black (SM-G965FZKD),Samsung
Galaxy Z Flip 5G SM-F707 8/256GB Mystic Bronze,Samsung
Galaxy Z Flip SM-F700 8/256GB Mirror Purple (SM-F700FZPD),Samsung
Galaxy Z Fold2 12/256GB Mystic Black (SM-F916BZKQ),Samsung
Grace A1 1281 Dual Sim Red (PFP1281DUORED),Prestigio
H791 Nexus 5X 32GB (Mint),LG
H791 Nexus 5X 32GB (Mint),LG
H990 V20 Dual 64GB (Black),LG
H990 V20 Dual 64GB (Silver),LG
Hammer Energy Black,myPhone
K10 Note 4/64GB Black,Lenovo
K10 Note 6/128GB Louise Lake,Lenovo
K12 6/64 Black,Oukitel
K12 6/64 Black,Oukitel
K13 4/64GB Black,Oukitel
K13 4/64GB Black,Oukitel
K13 4/64GB Pro Black,Oukitel
K13 Pro Leather Black,Oukitel
K5 Pro 4/64GB Black,Lenovo
K9 4/64 Black,Oukitel
KEYone,BlackBerry
King Kong CS,Cubot
King Kong CS,Cubot
King Kong CS,Cubot
Kingkong mini 3/32GB Red,Cubot
Kingkong mini 3/32GB Yellow,Cubot
Lumia 925 (Black),Nokia
Lumia 925 (White),Nokia
Lumia 925 (White),Nokia
M1 Art (Red),KENEKSI
M10 2/32GB Black,Meizu
M10 2/32GB Red,Meizu
M10 3/32GB Black,Meizu
M10 3/32GB Blue,Meizu
M2 Gold,AGM
M3 Black,AGM
M5 Black,AGM
M6 Note 3/16GB Black,Meizu
M6T 2/16GB Black,Meizu
M6T 3/32GB Blue,Meizu
M6s 3/64GB Gold,Meizu
M8 4/64GB Black,Meizu
M8 4/64GB Blue,Meizu
MIX 2 6/64GB Black,DOOGEE
MM111,Maxcom
MM111,Maxcom
MM135 Black-Blue,Maxcom
MM142 Black,Maxcom
MM236 Black-Silver,Maxcom
MM320 Black,Maxcom
MM320 Black,Maxcom
MM426 Black,Maxcom
MM471 White,Maxcom
MM720 Black,Maxcom
MM817 Black,Maxcom
MM817 Black,Maxcom
Mate 10 6/128GB Gold,HUAWEI
Mate 10 6/256GB Porsche Design,HUAWEI
Mate 20 DS 6/64GB Black,HUAWEI
Mate RS Porsche Design 6/256GB Black,HUAWEI
Mate Xs 8/512GB Interstellar blue (51095CSQ),HUAWEI
Mi 10 Lite 6/128GB Cosmic Grey,Xiaomi
Mi 10 Lite 6/64GB Cosmic Grey,Xiaomi
Mi 10 Lite 8/256GB Dream White,Xiaomi
Mi 10 Pro 8/256GB Gray,Xiaomi
Mi 10T 6/128GB Cosmic Black,Xiaomi
Mi 10T 8/128GB Cosmic Black,Xiaomi
Mi 10T Lite 6/128GB Pearl Gray,Xiaomi
Mi 10T Lite 6/64GB Pearl Gray,Xiaomi
Mi 10T Pro 8/128GB Cosmic Black,Xiaomi
Mi 10T Pro 8/256GB Cosmic Black,Xiaomi
Mi Max 2 4/64GB Black,Xiaomi
Mi Note 10 Lite 6/64GB Purple,Xiaomi
Mi5 3/32GB Gold,Xiaomi
Mix 2 M2 4/64GB Black,Vernee
Mix 2 M2 4/64GB Blue,Vernee
Mobile GM8 Space Gray,General
Moto C Plus XT1723 16GB Gold (PA800126UA),Motorola
Moto E4 (XT1762) Metallic Iron Gray (PA750058UA),Motorola
Moto E5 Plus XT1924-1 DualSim Black (PABA0014UA),Motorola
Moto E5 XT1944 16GB black,Motorola
Moto G5 2/16GB Gold (PA610071UA),Motorola
Moto G5s (XT1794) Lunar Gray (PA7W0024UA),Motorola
Moto G5s (XT1794) Lunar Gray (PA7W0024UA),Motorola
Moto G5s XT1799 4/64GB Black (PA930008CN),Motorola
Moto G5s XT1799 4/64GB Black (PA930008CN),Motorola
Moto G6 Play XT1922-5 Dual Sim 32GB Indigo Blue,Motorola
Moto G6 Plus XT1926 Dual Sim 64GB Indigo Blue,Motorola
Moto G7 Play XT1952-2 Dual Sim 2/32GB Deep Indigo,Motorola
Moto G7 Power XT1955-4 4/64GB Ceramic Black,Motorola
Moto G7 Power XT1955-4 4/64GB Ceramic Black,Motorola
Moto G8 4/64GB Blue (PAHL0004RS),Motorola
Moto G8 4/64GB Blue (PAHL0004RS),Motorola
Moto G8 4/64GB White (PAHL0010RS),Motorola
Moto G8 4/64GB White (PAHL0010RS),Motorola
Moto G8 Plus XT2019-1 4/64GB Dual Sim Cosmic Blue (PAGE0015RS),Motorola
Moto G9 Power 4/128GB Gray (PALR0020RS),Motorola
Moto M Grey (PA5D0075UA),Motorola
Moto X (2nd. Gen) (Black) 16GB,Motorola
Moto X Force (Black),Motorola
Moto X4 3/32GB Black (PA8X0004UA),Motorola
Moto Z 32GB Black (SM4389AE7U1),Motorola
Moto Z 32GB Black (SM4389AE7U1),Motorola
Moto Z 32GB Black (SM4389AE7U1),Motorola
Moto Z 32GB White/Gold (SM4389AD1U1),Motorola
Moto Z2 Force 6/64GB Black (PA900007UA),Motorola
Moto Z2 Force SS 4/64GB Fine Gold,Motorola
Moto Z2 Play Fine Gold (SM4482AJ1K7),Motorola
Moto Z2 Play Lunar Grey (SM4482AC3K7),Motorola
Moto Z3 Play 4/64GB Deep Indgo,Motorola
Moto Z4 4/128GB Flash Gray,Motorola
Moto Z4 4/128GB Flash Gray,Motorola
N1-550 Cruiser Dual Sim Black,Bravis
N1-550 Cruiser Dual Sim Black,Bravis
N10 3/32GB Purple,DOOGEE
N20 4/64GB Black,DOOGEE
N20 Pro 6/128GB Green,DOOGEE
N30 4/128GB Dreamy Blue,DOOGEE
N30 4/128GB Dreamy Blue,DOOGEE
N920C Galaxy Note 5 32GB (Gold Platinum),Samsung
Neon A1,Globex
Neon A1,Globex
Nexus 6 32GB (Cloud White),Motorola
Nord 12/256GB Gray Onyx,OnePlus
Nord 8/128GB Gray Onyx,OnePlus
Nord N10 5G 6/128GB Midnight Ice,OnePlus
Nord N100 4/64GB Midnight Frost,OnePlus
Note 20 Pro 6/128GB Black,Cubot
Note 20 Pro 8/128GB Black,Cubot
Note 7P 3/32GB Twilight,Ulefone
Note 7P 3/32GB Twilight,Ulefone
Note 8P 2/16GB Black,Ulefone
Note 8P 2/16GB Midnight Green,Ulefone
Note 8P 2/16GB Midnight Green,Ulefone
Note 9 4/64GB Black,Meizu
Nova 4 8/128GB Black,HUAWEI
Nubia Z17 8/64GB Black,ZTE
Nubia Z17 8/64GB Black,ZTE
One Action 4/128GB XT2013-2 Blue,Motorola
One Action 4/128GB XT2013-2 White,Motorola
One Fusion 4/64GB Deep Sapphire Blue,Motorola
One Fusion+ 6/128GB Blue (PAJW0006RS),Motorola
One Hyper XT2027-1 4/128GB Deep Sea Blue,Motorola
One Macro XT2016-1 4/64GB Blue,Motorola
One Power XT1942-1 4/64GB Dual Sim Black,Motorola
One Vision 4/128GB Bronze,Motorola
One Vision 4/128GB Sapphire Blue,Motorola
One XT1941-4 4/64GB Dual Sim Black,Motorola
One Zoom 4/128GB Grey,Motorola
One Zoom 4/128GB Purple,Motorola
P Smart 2020 4/128GB Emerald Green,HUAWEI
P Smart Pro 6/128GB Midnight Black (51094UVB),HUAWEI
P Smart S 4/128GB Breathing Crystal (51095HVM),HUAWEI
P smart 2019 3/64GB Black (51093FSW),HUAWEI
P smart 2021 4/128GB Midnight Black (51096ABV),HUAWEI
P smart Z 4/64GB Emerald Green (51093WVK),HUAWEI
P smart+ 4/64GB Black (51092TFB),HUAWEI
P30 4/64GB Black,Cubot
P30 6/128GB Black (51093NDK),HUAWEI
P30 8/128GB Black,HUAWEI
P30 Lite 4/128GB Breathing Crystal,HUAWEI
P30 Lite 6/256GB Peacock Blue,HUAWEI
P30 Pro 6/128GB Black (51093TFT),HUAWEI
P30 Pro 8/128GB Aurora,HUAWEI
P30 Pro 8/256GB Black (51093NFN),HUAWEI
P30 Pro NEW EDITION 8/256GB Silver Frost,HUAWEI
P40 8/128GB Black (51095EHY),HUAWEI
P40 Pro 8/256GB Silver Frost (51095CAL),HUAWEI
P40 Pro+ 8/512GB Black Ceramic,HUAWEI
P40 Pro+ 8/512GB Black Ceramic,HUAWEI
P40 lite 6/128GB Crush Green (51095CJX),HUAWEI
P40 lite E 4/64GB Midnight Black (51095DCE),HUAWEI
P600 Black,Smartex
P600 Gold,Smartex
P760 Black,S-TELL
P8 Prestige Gold,HUAWEI
P8 Prestige Gold,HUAWEI
POP 2F B1F 1/16GB Midnight Black (4895180746659),Tecno
POP 3 BB2 1/16GB DS Sandstone Black (4895180751288),Tecno
POP 4 BC2 2/32GB DS Ice Lake Green (4895180759420),Tecno
Pixel 128GB (Quite Black),Google
Pixel 2 128GB Just Black,Google
Pixel 2 64GB Just Black,Google
Pixel 2 XL 64GB Just Black,Google
Pixel 3 4/128GB Just Black,Google
Pixel 3 4/64GB Just Black,Google
Pixel 3 XL 4/64GB Just Black,Google
Pixel 32GB (Quite Black),Google
Pixel 3a 4/64GB Just Black,Google
Pixel 3a XL 4/64GB Just Black,Google
Pixel 4 6/64GB Just Black,Google
Pixel 4 XL 6/128GB Just Black,Google
Pixel 4 XL 6/64GB Oh So Orange,Google
Pixel 4a 5G 6/128GB Just Black,Google
Pixel 4a 6/128GB Just Black,Google
Pixel 5 8/128GB Just Black,Google
Pixel XL 128GB (Quite Black),Google
Pixel XL 128GB (Quite Black),Google
Poco F2 Pro 6/128GB Electric Purple,Xiaomi
Poco M3 4/128GB Black,Xiaomi
Poco M3 4/64GB Black,Xiaomi
Poco X3 NFC 6/128GB Cobalt Blue,Xiaomi
Poco X3 NFC 6/64GB Cobalt Blue,Xiaomi
Pocophone F1 6/128GB Blue,Xiaomi
Pop 4 Pro BC3 1/16GB Cosmic Shine,Tecno
Power 6 4/64GB Black,Ulefone
Power 6 4/64GB Blue,Ulefone
Power 6 4/64GB Red,Ulefone
Power 6 4/64GB Red,Ulefone
Q 6/64GB Blue,realme
Quest 4/64GB Black,Cubot
R240 Dual Sim Black,2E
RAZR 2019 XT200-1 Noir Black,Motorola
RAZR 2019 XT2000-2 Noir Black,Motorola
ROG Phone 3 Strix 12/128GB Black (90AI0031-M00010),ASUS
ROG Phone 3 ZS661KS 12/128GB Black (90AI0032-M00180),ASUS
ROG Phone 3 ZS661KS 12/256GB Black,ASUS
ROG Phone 3 ZS661KS 12/512GB Black,ASUS
ROG Phone 8/512GB DualSim Black,ASUS
ROG Phone 8/512GB DualSim Black,ASUS
ROG Phone 8/512GB DualSim Black,ASUS
Redmi 10x 4G 4/128GB Blue,Xiaomi
Redmi 10x 4G 6/128GB Blue,Xiaomi
Redmi 4x 2/16GB Black,Xiaomi
Redmi 4x 2/16GB Gold,Xiaomi
Redmi 4x 4/64GB Black,Xiaomi
Redmi 4x 4/64GB Gold,Xiaomi
Redmi 5 3/32GB Black,Xiaomi
Redmi 5 3/32GB Gold,Xiaomi
Redmi 5 Plus 4/64GB Black,Xiaomi
Redmi 5 Plus 4/64GB Gold,Xiaomi
Redmi 5A 2/16GB Gold,Xiaomi
Redmi 5A 3/32GB Gold,Xiaomi
Redmi 5A 3/32GB Gray,Xiaomi
Redmi 5A 3/32GB Gray,Xiaomi
Redmi 6 3/32GB Black,Xiaomi
Redmi 6 3/32GB Gold,Xiaomi
Redmi 6 3/64GB Black,Xiaomi
Redmi 6 3/64GB Gold,Xiaomi
Redmi 6 3/64GB Gold,Xiaomi
Redmi 6 4/64GB Black,Xiaomi
Redmi 6 Pro 3/32GB Black,Xiaomi
Redmi 6 Pro 4/64GB Black,Xiaomi
Redmi 7 4/64GB Blue,Xiaomi
Redmi 7 4/64GB Blue,Xiaomi
Redmi 7a 2/16GB Black,Xiaomi
Redmi 7a 3/32GB Black,Xiaomi
Redmi 8 3/32GB Black,Xiaomi
Redmi 8 4/64GB Blue,Xiaomi
Redmi 8A 3/32GB Black,Xiaomi
Redmi 8A 4/64GB Black,Xiaomi
Redmi 9 3/32GB Grey NFC,Xiaomi
Redmi 9 3/32GB Purple no NFC,Xiaomi
Redmi 9 4/128GB Blue (no NFC),Xiaomi
Redmi 9 4/128GB Blue (no NFC),Xiaomi
Redmi 9 4/128GB Green (no NFC),Xiaomi
Redmi 9 4/128GB Green (no NFC),Xiaomi
Redmi 9 4/128GB Grey (no NFC),Xiaomi
Redmi 9 4/128GB Pink (no NFC),Xiaomi
Redmi 9 4/64GB Grey NFC,Xiaomi
Redmi 9 4/64Gb Pink (no NFC),Xiaomi
Redmi 9 6/128GB Grey (no NFC),Xiaomi
Redmi 9A 2/32GB Granite Gray,Xiaomi
Redmi 9C 2/32GB Midnight Gray,Xiaomi
Redmi 9C 3/64GB Midnight Gray,Xiaomi
Redmi 9C NFC 2/32GB Midnight Gray,Xiaomi
Redmi 9C NFC 3/64GB Midnight Gray,Xiaomi
Redmi 9T 4/128GB Twilight Blue,Xiaomi
Redmi 9T 4/64GB Sunrise Orange,Xiaomi
Redmi K30 6/128GB Purple,Xiaomi
Redmi K30 8/128GB Purple,Xiaomi
Redmi K30 8/256GB Red,Xiaomi
Redmi K30 Pro 6/128GB White,Xiaomi
Redmi Note 4 3/32GB (Gray),Xiaomi
Redmi Note 4 3/64GB (Gold),Xiaomi
Redmi Note 4 3/64GB (Gold),Xiaomi
Redmi Note 4x 3/32GB Black,Xiaomi
Redmi Note 4x 4/64GB Black,Xiaomi
Redmi Note 4x 4/64GB Gold,Xiaomi
Redmi Note 5 3/32GB Black,Xiaomi
Redmi Note 5 3/32GB Gold,Xiaomi
Redmi Note 5 3/32GB Rose Gold,Xiaomi
Redmi Note 5 4/64GB Gold,Xiaomi
Redmi Note 6 Pro 3/32GB Blue,Xiaomi
Redmi Note 6 Pro 4/64GB Blue,Xiaomi
Redmi Note 6 Pro 4/64GB Rose Gold,Xiaomi
Redmi Note 7 4/64GB Black,Xiaomi
Redmi Note 8 3/32GB Blue,Xiaomi
Redmi Note 8 4/128GB Black,Xiaomi
Redmi Note 8 4/64GB Blue,Xiaomi
Redmi Note 8 6/128GB Blue,Xiaomi
Redmi Note 8 6/64GB White,Xiaomi
Redmi Note 8 Pro 6/128GB Green,Xiaomi
Redmi Note 8 Pro 6/64GB Green,Xiaomi
Redmi Note 8 Pro 8/128GB White,Xiaomi
Redmi Note 8T 3/32GB Grey,Xiaomi
Redmi Note 8T 4/64GB Grey,Xiaomi
Redmi Note 9 3/64GB Grey (no NFC),Xiaomi
Redmi Note 9 3/64GB Grey NFC,Xiaomi
Redmi Note 9 4/128GB Grey NFC,Xiaomi
Redmi Note 9 4/128GB White (no NFC),Xiaomi
Redmi Note 9 Pro 4/64GB Interstellar Grey,Xiaomi
Redmi Note 9 Pro 6/128GB Grey,Xiaomi
Redmi Note 9 Pro 6/64GB Green,Xiaomi
Redmi Note 9S 4/64GB Grey,Xiaomi
Redmi Note 9S 6/128GB Grey,Xiaomi
Redmi Note 9T 4/128GB Nightfall Black,Xiaomi
Redmi Note 9T 4/64GB Daybreak Purple,Xiaomi
Reno 4 Lite 8/128GB Magic Blue,OPPO
Reno 4 Pro 8/256GB Starry Night,OPPO
Reno 6/256GB Ocean Green,OPPO
Reno2 8/256GB Ocean Blue,OPPO
Reno2 Z 8/128GB Black,OPPO
Reno4 Z 5G 8/128GB Black,OPPO
Rover Tank T3 KUH Black,Land
S1 1/8GB Black,Ulefone
S1 1/8GB Black,Ulefone
S1 Black,Bluboo
S1-07 Black,S-TELL
S1-07 Gold,S-TELL
S180 DualSim Red,2E
S240 Age Black Orange,Rezone
S240 Age Black Orange,Rezone
S260 Black,Philips
S31 Black,CAT
S40 3/32GB Black,DOOGEE
S40 Lite 2/16GB Black,DOOGEE
S40 Lite 2/16GB Black,DOOGEE
S40 Lite 2/16GB Black,DOOGEE
S40 Pro 4/64GB Black,DOOGEE
S40 Pro 4/64GB Black,DOOGEE
S42 Dual Black,CAT
S5 4/64GB Pink,Lenovo
S5 Pro 6/64GB Black,Lenovo
S5 Pro 6/64Gb Blue,Lenovo
S5 Pro 6/64Gb Gold,Lenovo
S52,CAT
S55 4/64GB Black,DOOGEE
S561 3/32GB Black,Philips
S58 Pro 6/64GB Black,DOOGEE
S60,CAT
S60 Lite 4/32GB Black,DOOGEE
S60 Lite 4/32GB Black,DOOGEE
S61 Black,CAT
S62 Pro,CAT
S68 Pro 6/128GB Black,DOOGEE
S88 Pro 6/128GB Black,DOOGEE
S90C 4/128GB Black,DOOGEE
S90C 4/64GB Black,DOOGEE
S90C 4/64GB Black,DOOGEE
S90C 4/64GB Black,DOOGEE
S90C 4/64GB GIFT Orange,DOOGEE
S95 Pro 8/128GB Black,DOOGEE
S95 Pro 8/256GB Mineral Black,DOOGEE
S96 Pro 8/128GB Black,DOOGEE
S96 Pro 8/128GB Green,DOOGEE
S96 Pro 8/128GB Orange,DOOGEE
SUN6 Blue,MAFAM
Sense 55DC 16GB Black,Archos
Sense 55DC 16GB Gold,Archos
Sense 55DC 16GB Gold,Archos
Sense 55DC 16GB Gold,Archos
Sense 55S 16GB Black,Archos
Shine AS-5435 Blue,Assistant
Simple F200n Black,Jinga
Simple F200n Black,Jinga
Smart Ultra Dark Gray,Vodafone
Spark 4 KC2 3/32GB Royal Purple,Tecno
Spark 4 Lite 2/32GB Midnight Black (4895180754593),Tecno
Spark 5 Pro KD7 4/128GB DS Spark Orange,Tecno
Spark 5 Pro KD7 4/64GB DS Spark Orange,Tecno
Spark 6 Go KE5 2/32GB Aqua Blue (4895180762383),Tecno
Spark 6 Go KE5j 3/64GB Aqua Blue (4895180762918),Tecno
Spark 6 KE7 4/128GB Comet Black (4895180762079),Tecno
Spark 6 KE7 4/64GB Ocean Blue (4895180762024),Tecno
Surface Duo 6GB/256GB (TGM-00001),Microsoft
T1 Yellow,iOutdoor
T1 Yellow,iOutdoor
T3 Pro 3/16GB Black,Vernee
T3 Pro 3/16GB Black,Vernee
T301 Black (4895180743320),Tecno
T372 TripleSIM Black (4895180746833),Tecno
T454 Champagne Gold (4895180745980),Tecno
T474 Blue (4895180748004),Tecno
U 6/128GB Black,Elephone
U11 4/64GB Black 99HAMB075-00,HTC
U11 4/64GB White,HTC
U20 5G 8/256GB White,HTC
U3H 8/256GB Black,Elephone
U3H 8/256GB Black,Elephone
V10 6/128GB Dual Beach Gold,Honor
V182 Black,Viaan
V20 8/128GB Midnight Jazz,vivo
V20 8/128GB Sunset Melody,vivo
V20 SE 8/128GB Gravity Black,vivo
V241 (Black),Viaan
V281 Black,Viaan
V281 Black,Viaan
V40 ThinQ 4/64GB Aurora Black,LG
V50 ThinQ 5G 6/128GB Single Sim Black,LG
V50S ThinQ 5G 8/256GB Aurora Black,LG
V9 6/64GB Red,Honor
V9 6/64GB Red,Honor
Velvet 5G LM-G900EM 6/128GB Aurora Gray,LG
WP1 4/64GB Black,Oukitel
WP2 4/64GB Black,Oukitel
WP2 4/64GB Gold,Oukitel
WP5 3/32GB Black,Oukitel
WP5 Pro 4/64GB Black,Oukitel
WP6 4/128GB Black,Oukitel
WP6 6/128GB Black,Oukitel
WP7 8/128GB Black,Oukitel
WP8 Pro 4/64GB Black,Oukitel
X 4/64GB Black,Vernee
X Cover 4s G398F (SM-G398FZKD),Samsung
X Screen 16GB Single K500n White,LG
X-STYLE 241 SNAP Black,Sigma mobile
X-TREME IO93,Sigma mobile
X-TREME IO93,Sigma mobile
X-TREME PQ39 ULTRA Black,Sigma mobile
X-TREME PQ39 ULTRA Black-Green,Sigma mobile
X-TREME PQ54 MAX,Sigma mobile
X-style 17 Update Black,Sigma mobile
X-style 18 TRACK Black,Sigma mobile
X-style 24 ONYX Grey,Sigma mobile
X-style 31 Power Black,Sigma mobile
X-style 31 Power Blue,Sigma mobile
X-style 31 Power Orange,Sigma mobile
X-style 31 Power Orange,Sigma mobile
X-style 31 Power Yellow,Sigma mobile
X-style 32 Boombox Black,Sigma mobile
X-style 32 Boombox Red,Sigma mobile
X-style 33 Steel Grey,Sigma mobile
X-style 33 Steel Red,Sigma mobile
X-style 34NRG Black,Sigma mobile
X-style 34NRG Blue,Sigma mobile
X-style 36 Point Black,Sigma mobile
X-style S3500 sKai Black,Sigma mobile
X-treme DT68 black,Sigma mobile
X-treme DT68 black-red,Sigma mobile
X-treme DZ68 Black,Sigma mobile
X-treme DZ68 Black-yellow,Sigma mobile
X-treme DZ68 Black-yellow,Sigma mobile
X-treme IT67m black-orange,Sigma mobile
X-treme PQ20 Black,Sigma mobile
X-treme PQ20 Black Orange,Sigma mobile
X-treme PQ20 Black Orange,Sigma mobile
X-treme PQ24 Black,Sigma mobile
X-treme PQ24 Black/Orange,Sigma mobile
X-treme PQ29 Black,Sigma mobile
X-treme PQ29 Black-Orange,Sigma mobile
X-treme PQ29 Black-Orange,Sigma mobile
X-treme PQ36 Black,Sigma mobile
X-treme PQ36 Orange,Sigma mobile
X-treme PQ39 Black,Sigma mobile
X-treme PQ52 Black-Orange,Sigma mobile
X-treme PQ53 Black,Sigma mobile
X-treme PQ54 Black (4827798865712),Sigma mobile
X-treme PT68 Black,Sigma mobile
X-treme ST68 Black,Sigma mobile
X-treme ST68 black-yellow,Sigma mobile
X19 4/64GB Black,Cubot
X2 Pro 8/128GB Lunar White,realme
X20 Pro 6/128GB Black,Cubot
X3 6/64GB Black,AGM
X3 8/64GB Black,AGM
X3 8/64GB Black,AGM
X50 5G 6/128GB Jungle Green,realme
X50 8/128GB Frost Blue,vivo
X50 8/128GB Graze Black,vivo
X50 Pro 5G 8/128GB Green,realme
X50 Pro 5G 8/256GB Rust Red,realme
X50 Pro 8/256GB Alpha Grey,vivo
X60L Matte Black (6924351653118),DOOGEE
X7 Dual Sim 6/128GB Black,Nokia
X7 Dual Sim 6/64GB Black,Nokia
X90 1/16GB Black,DOOGEE
X90 1/16GB Blue,DOOGEE
X90 1/16GB Gold,DOOGEE
X90 1/16GB Gold,DOOGEE
X90L 3/16GB Green,DOOGEE
X90L 3/16GB Purple,DOOGEE
X90L 3/16GB Purple,DOOGEE
X95 2/16GB Black,DOOGEE
X95 2/16GB Green,DOOGEE
X95 2/16GB Green,DOOGEE
Xenium E106 Black,Philips
Xenium E109 Black,Philips
Xenium E182 Blue,Philips
Xenium E255 Black,Philips
Xenium E255 Blue,Philips
Xenium E255 Red,Philips
Xenium E580 Dual Sim Black,Philips
Xperia 1 II XQ-AT51 8/256GB Black,Sony
Xperia 1 II XQ-AT51 8/256GB Black,Sony
Xperia 1 II XQ-AT52 12/256GB Mirror Lake Green,Sony
Xperia 1 II XQ-AT52 8/256GB Purple,Sony
Xperia 1 J9110 Black,Sony
Xperia 10 I4113 Black,Sony
Xperia 10 II 4/128GB Mint,Sony
Xperia 5 II 8/128GB Black,Sony
Xperia 5 II 8/256GB Blue,Sony
Xperia 5 J9210 6/128GB Black,Sony
Xperia C5 Ultra Dual E5533 (Black),Sony
Xperia XA1 Dual (G3112) Black,Sony
Xperia XA1 Dual (G3112) Black,Sony
Xperia XZ (Black),Sony
Xperia XZ (Blue),Sony
Xperia XZ (Blue),Sony
Xperia XZ Dual F8332 (Black),Sony
Xperia Z (Black),Sony
Xperia Z5 Dual E6683 (White),Sony
Xperia Z5 Premium E6853 (Black),Sony
Xrover C 2/16GB Black,LEAGOO
Y11 3/32GB Agate Red,vivo
Y15 4/64GB Aqua Blue,vivo
Y15 4/64GB Aqua Blue,vivo
Y15 4/64GB Burgundy Red,vivo
Y19 4/128GB Black,vivo
Y1S 2/32GB Black,vivo
Y1S 2/32GB Blue,vivo
Y20 4/64GB Nebula Blue,vivo
Y20 4/64GB Obsidian Black,vivo
Y30 4/64GB Black,vivo
Y30 4/64GB Blue,vivo
Y5 2019 2/16GB Black (51093SHA),HUAWEI
Y5 2019 2/16GB Black (51093SHA),HUAWEI
Y5 2019 2/16GB Brown (51093SHE),HUAWEI
Y5p 2/32GB Mint Green (51095MUB),HUAWEI
Y6 2019 DS Amber Brown (51093PMR),HUAWEI
Y6 2019 DS Amber Brown (51093PMR),HUAWEI
Y6 2019 DS Blue,HUAWEI
Y6 2019 DS Blue,HUAWEI
Y6 2019 DS Midnight Black (51093PMP),HUAWEI
Y6 Prime 2018 3/32GB Gold (51092MFF),HUAWEI
Y6 Prime 2018 3/32GB Gold (51092MFF),HUAWEI
Y6 Pro (Gold),HUAWEI
Y6p 3/64GB Midnight Black (51095KYP),HUAWEI
Y6s 3/32GB Orhid Blue (51094WBU),HUAWEI
Y6s 3/32GB Orhid Blue (51094WBU),HUAWEI
Y6s 3/32GB Starry Black (51094WBW),HUAWEI
Y7 2019 3/32GB Coral Red (51093HEW),HUAWEI
Y7 2019 3/32GB Coral Red (51093HEW),HUAWEI
Y7 Prime 2018 3/32GB Black (51092JHA),HUAWEI
Y9 Plus 4/64GB Black,DOOGEE
Y9 Plus 4/64GB Blue,DOOGEE
ZenFone Live ZB501KL Navy Black (ZB501KL-4A053A),ASUS
Zenfone 5 ZE620KL 4/64GB Blue (ZE620KL-1A012WW),ASUS
Zenfone 7 Pro ZS671KS 8/256GB Black,ASUS
Zenfone 7 ZS670KS 8/128GB Black,ASUS
i144c Black,Nomi
i144c Red,Nomi
i144c Red,Nomi
i144m Black,Nomi
i144m Blue,Nomi
i187 Black,Nomi
i187 Black,Nomi
i187 White,Nomi
i189 Black,Nomi
i189 Blue,Nomi
i220 Black,Nomi
i220 Red,Nomi
i240 (Black),Nomi
i2400 Black,Nomi
i2400 Black,Nomi
i2400 Red,Nomi
i2401 Red,Nomi
i2410 Grey,Nomi
i2410 Grey,Nomi
i248 Black,Nomi
i281 Black,Nomi
i281 Black,Nomi
i281 Red,Nomi
i282 Grey,Nomi
i283 Red,Nomi
i284 Black,Nomi
i284 Red,Nomi
i284 Violet-blue,Nomi
i285 X-Treme Black-Yellow,Nomi
iPhone 11 128GB Black (MWLE2),Apple
iPhone 11 128GB Dual Sim Black (MWN72),Apple
iPhone 11 128GB Slim Box Black (MHDH3),Apple
iPhone 11 256GB Black (MWLL2),Apple
iPhone 11 256GB Slim Box Black (MHDP3),Apple
iPhone 11 64GB Black (MWLT2),Apple
iPhone 11 64GB Dual Sim White (MWN12),Apple
iPhone 11 64GB Slim Box Black (MHDA3),Apple
iPhone 11 Pro 256GB Dual Sim Midnight Green (MWDH2),Apple
iPhone 11 Pro 256GB Midnight Green (MWCQ2),Apple
iPhone 11 Pro 512GB Dual Sim Silver (MWDK2),Apple
iPhone 11 Pro 512GB Midnight Green (MWCV2),Apple
iPhone 11 Pro 64GB Dual Sim Silver (MWDA2),Apple
iPhone 11 Pro 64GB Space Gray (MWC22/MWCH2),Apple
iPhone 11 Pro Max 256GB Dual Sim Gold (MWF32),Apple
iPhone 11 Pro Max 256GB Midnight Green (MWH72),Apple
iPhone 11 Pro Max 512GB Dual Sim Silver (MWF62),Apple
iPhone 11 Pro Max 512GB Space Gray (MWH82),Apple
iPhone 11 Pro Max 64GB Dual Sim Space Gray (MWEV2),Apple
iPhone 11 Pro Max 64GB Dual Sim Space Gray (MWEV2),Apple
iPhone 11 Pro Max 64GB Space Gray (MWGY2; MWHD2),Apple
iPhone 12 128GB Black (MGJA3/MGHC3),Apple
iPhone 12 128GB Dual Sim Black (MGGU3),Apple
iPhone 12 256GB Black (MGJG3/MGHH3),Apple
iPhone 12 256GB Dual Sim Black (MGH13),Apple
iPhone 12 64GB Blue (MGJ83/MGH93),Apple
iPhone 12 64GB Dual Sim (PRODUCT)RED (MGGP3),Apple
iPhone 12 Pro 128GB Dual Sim Pacific Blue (MGLD3),Apple
iPhone 12 Pro 128GB Pacific Blue (MGMN3/MGLR3),Apple
iPhone 12 Pro 256GB Dual Sim Pacific Blue (MGLH3),Apple
iPhone 12 Pro 256GB Pacific Blue (MGMT3/MGLW3),Apple
iPhone 12 Pro 512GB Dual Sim Pacific Blue (MGLM3),Apple
iPhone 12 Pro 512GB Pacific Blue (MGMX3/MGM43),Apple
iPhone 12 Pro Max 128GB Dual Sim Graphite (MGC03),Apple
iPhone 12 Pro Max 128GB Graphite (MGD73),Apple
iPhone 12 Pro Max 256GB Dual Sim Pacific Blue (MGC73),Apple
iPhone 12 Pro Max 256GB Pacific Blue (MGDF3),Apple
iPhone 12 Pro Max 512GB Dual Sim Pacific Blue (MGCE3),Apple
iPhone 12 Pro Max 512GB Pacific Blue (MGDL3),Apple
iPhone 12 mini 128GB Black (MGE33),Apple
iPhone 12 mini 256GB Black (MGE93),Apple
iPhone 12 mini 64GB Black (MGDX3),Apple
iPhone 5C 32GB (White),Apple
iPhone 5C 8GB (White),Apple
iPhone 5S 16GB Space Gray (ME432),Apple
iPhone 5S 32GB (Space Gray),Apple
iPhone 6 128GB (Gold),Apple
iPhone 6 16GB Space Gray (MG472),Apple
iPhone 6 32GB Space Grey (MQ3D2),Apple
iPhone 6 64GB Space Gray (MG4F2),Apple
iPhone 6 Plus 128GB (Space Gray),Apple
iPhone 6 Plus 16GB (Silver),Apple
iPhone 6 Plus 64GB Space Gray (MGAH2),Apple
iPhone 6s 128GB Space Gray (MKQT2),Apple
iPhone 6s 128GB Space Gray (MKQT2),Apple
iPhone 6s 16GB Space Gray (MKQJ2),Apple
iPhone 6s 32GB Space Gray (MN0W2),Apple
iPhone 6s 64GB Space Gray (MKQN2),Apple
iPhone 6s Plus 16GB Space Gray (MKU12),Apple
iPhone 6s Plus 32GB Space Gray (MN2V2),Apple
iPhone 6s Plus 64GB Space Gray (MKU62),Apple
iPhone 7 128GB Jet Black (MN962),Apple
iPhone 7 256GB Black (MN972),Apple
iPhone 7 256GB Black (MN972),Apple
iPhone 7 32GB Black (MN8X2),Apple
iPhone 7 Plus 128GB Black (MN4M2),Apple
iPhone 7 Plus 256GB Rose Gold (MN502),Apple
iPhone 7 Plus 32GB Black (MNQM2),Apple
iPhone 7 Plus 32GB Black (MNQM2),Apple
iPhone 8 128GB Gold (MX182),Apple
iPhone 8 256GB Space Gray (MQ7F2),Apple
iPhone 8 64GB Space Gray (MQ6G2),Apple
iPhone 8 Plus 128GB Gold (MX262),Apple
iPhone 8 Plus 256GB Space Gray (MQ8G2),Apple
iPhone 8 Plus 64GB Space Gray (MQ8L2),Apple
iPhone SE 128GB Space Grey (MP862),Apple
iPhone SE 16GB Space Gray (MLLN2),Apple
iPhone SE 2020 128GB Black (MXD02/MXCW2),Apple
iPhone SE 2020 128GB Slim Box Black (MHGT3),Apple
iPhone SE 2020 256GB Black (MXVT2/MXVP2),Apple
iPhone SE 2020 256GB Slim Box White (MHGX3),Apple
iPhone SE 2020 64GB Black (MX9R2/MX9N2),Apple
iPhone SE 2020 64GB Slim Box Black (MHGP3),Apple
iPhone SE 32GB Space Grey (MP822),Apple
iPhone SE 64GB Space Gray (MLM62),Apple
iPhone SE 64GB Space Gray (MLM62),Apple
iPhone X 256GB Silver (MQAG2),Apple
iPhone X 64GB Space Gray (MQAC2),Apple
iPhone XR 128GB Black (MRY92),Apple
iPhone XR 128GB Slim Box Black (MH7L3),Apple
iPhone XR 256GB Black (MRYJ2),Apple
iPhone XR 64GB Black (MRY42),Apple
iPhone XR 64GB Slim Box Black (MH6M3),Apple
iPhone XR Dual Sim 128GB Black (MT192),Apple
iPhone XR Dual Sim 64GB Black (MT122),Apple
iPhone XS 256GB Gold (MT9K2),Apple
iPhone XS 512GB Silver (MT9M2),Apple
iPhone XS 64GB Space Gray (MT9E2),Apple
iPhone XS Max 256GB Gold (MT552),Apple
iPhone XS Max 512GB Space Gray (MT622),Apple
iPhone XS Max 64GB Gold (MT522),Apple
iPhone XS Max Dual Sim 64GB Gold (MT732),Apple
nova 5T 6/128GB Black (51094MEU),HUAWEI
nubia Red Magic 5G 8/128GB Black,ZTE
x-style 35 Screen,Sigma mobile
